"post_title","danh_muc","sku","xuat_xu","don_vi_tinh","post_content","image_url","link_tham_khao"
"Cáp tín hiệu chống cháy, chống nhiễu 1x2Cx1,5mm2","DÂY CÁP CHỐNG CHÁY","SPL-FR-SD-30215","SPL SecureTech/ Trung Quốc","mét","<p>Cáp tín hiệu báo cháy chống cháy, chống nhiễu SPL SecureTech model SPL-FR-SD-30215, loại 1x2C (1 đôi) tiết diện 1,5mm². Cáp được thiết kế để duy trì hoạt động truyền tín hiệu trong điều kiện cháy (loại fire-resistant PH), đảm bảo hệ thống báo cháy tiếp tục liên lạc khi xảy ra hỏa hoạn.</p>
<h3>Thông số kỹ thuật</h3>
<ul>
<li>Cấu trúc: 1 đôi (1x2C), lõi đồng</li>
<li>Tiết diện ruột dẫn: 1,5 mm²</li>
<li>Loại: chống cháy (fire resistant) – duy trì tín hiệu khi cháy (PH)</li>
<li>Lớp chống nhiễu (shield) chống nhiễu điện từ</li>
<li>Hãng: SPL SecureTech – Trung Quốc</li>
<li>Đơn vị tính: mét</li>
</ul>
<h3>Ứng dụng</h3>
<p>Đi dây tín hiệu cho hệ thống báo cháy thường và địa chỉ: nối trung tâm báo cháy với đầu báo, nút nhấn, chuông còi. Phù hợp công trình yêu cầu cáp chống cháy theo quy chuẩn PCCC.</p>","https://pcccphuoclong.vn/wp-content/uploads/2026/06/spl-fr-sd-30215.jpeg","https://www.songphatlong.com/products/cap-tin-hieu-chong-chay-chong-nhieu-2*1.5mm2-PH30"
"Trung tâm báo cháy 2 - 4 - 8 kênh HCV","THIẾT BỊ BÁO CHÁY HOCHIKI","HCV-2/4/8","Hochiki/UK","tủ","<p>Trung tâm báo cháy thường Hochiki dòng HCV, cấu hình linh hoạt 2/4/8 kênh (zone). Là thiết bị trung tâm điều khiển toàn hệ thống báo cháy, liên tục giám sát các zone đầu báo, hiển thị trạng thái và kích hoạt thiết bị cảnh báo khi có cháy.</p>
<h3>Thông số kỹ thuật</h3>
<ul>
<li>Số kênh (zone): 2 / 4 / 8 tùy cấu hình</li>
<li>Loại: tủ trung tâm báo cháy thường (conventional)</li>
<li>Nguồn: AC + ắc-quy dự phòng (backup khi mất điện)</li>
<li>Ngõ ra điều khiển chuông/còi đèn báo động</li>
<li>Đèn hiển thị trạng thái từng zone, lỗi, nguồn</li>
<li>Hãng: Hochiki – Anh Quốc (UK)</li>
</ul>
<h3>Ứng dụng</h3>
<p>Làm trung tâm cho hệ thống báo cháy thường tại văn phòng, cửa hàng, nhà xưởng, chung cư quy mô vừa và nhỏ.</p>","https://pcccphuoclong.vn/wp-content/uploads/2026/06/hcv-2-4-8.png","https://pccctranduy.com/hien-thi-phu-cho-trung-tam-hcv-hochiki-hcv248-ra"
"Trung tâm điều khiển xả khí 3 kênh HCVR","THIẾT BỊ BÁO CHÁY HOCHIKI","HCVR-3-R","Hochiki/UK","tủ","<p>Trung tâm điều khiển xả khí Hochiki HCVR 3 kênh, chuyên dụng cho hệ thống chữa cháy bằng khí (FM-200, FirePro/Xtinguish, CO2...). Quản lý toàn bộ trình tự phát hiện cháy và xả khí, có thời gian trễ an toàn để người trong khu vực kịp thoát ra.</p>
<h3>Thông số kỹ thuật</h3>
<ul>
<li>Số kênh: 3 kênh</li>
<li>Chức năng: giám sát đầu báo + điều khiển xả khí</li>
<li>Hỗ trợ nút kích hoạt và nút hủy xả khí bằng tay</li>
<li>Thời gian trễ xả khí có thể cài đặt (delay)</li>
<li>Nguồn AC + ắc-quy dự phòng</li>
<li>Hãng: Hochiki – Anh Quốc (UK)</li>
</ul>
<h3>Ứng dụng</h3>
<p>Phòng máy chủ, phòng điện, kho lưu trữ, khu vực dùng hệ chữa cháy bằng khí sạch.</p>","https://pcccphuoclong.vn/wp-content/uploads/2026/06/hcvr-3-r.png","https://pccctranduy.com/trung-tam-xa-khi-firepro-xtinguish-hcvr3"
"Đầu báo khói quang + đế SOE-24V","THIẾT BỊ BÁO CHÁY HOCHIKI","SOE-24V","Hochiki/US","bộ","<p>Đầu báo khói quang Hochiki SOE-24V kèm đế, hoạt động ở 24V DC, phát hiện khói theo nguyên lý tán xạ ánh sáng (quang điện). Là đầu báo phổ biến cho hệ báo cháy thường nhờ độ ổn định cao và ít báo giả.</p>
<h3>Thông số kỹ thuật</h3>
<ul>
<li>Loại: đầu báo khói quang (photoelectric)</li>
<li>Điện áp làm việc: 24V DC (loại 2 dây)</li>
<li>Kèm đế đấu nối</li>
<li>Đèn LED báo trạng thái/báo động</li>
<li>Hãng: Hochiki – xuất xứ Mỹ (US)</li>
<li><em>(Dải điện áp, dòng tiêu thụ chi tiết: đối chiếu datasheet)</em></li>
</ul>
<h3>Ứng dụng</h3>
<p>Văn phòng, phòng ngủ, hành lang, khu vực sinh hoạt – nơi khói là dấu hiệu cháy sớm điển hình.</p>","https://pcccphuoclong.vn/wp-content/uploads/2026/06/soe-24v.jpeg","https://pccctranduy.com/dau-bao-khoi-quang-hochiki-soe-24v-new"
"Đầu báo nhiệt thường + đế DSC-EA","THIẾT BỊ BÁO CHÁY HOCHIKI","DSC-EA","Hochiki/JP","bộ","<p>Đầu báo nhiệt Hochiki DSC-EA kèm đế, phát hiện cháy qua nhiệt độ. Loại gia tăng kết hợp cố định (rate-of-rise + fixed) – kích hoạt khi nhiệt tăng nhanh bất thường hoặc vượt ngưỡng cố định.</p>
<h3>Thông số kỹ thuật</h3>
<ul>
<li>Loại: đầu báo nhiệt gia tăng + cố định</li>
<li>Kèm đế đấu nối</li>
<li>Đèn LED báo trạng thái</li>
<li>Hãng: Hochiki – xuất xứ Nhật (JP)</li>
<li><em>(Ngưỡng nhiệt kích hoạt cụ thể: đối chiếu datasheet)</em></li>
</ul>
<h3>Ứng dụng</h3>
<p>Bếp, nhà xe, phòng kỹ thuật, khu vực nhiều khói/bụi/hơi nước nơi đầu báo khói dễ báo giả.</p>","https://pcccphuoclong.vn/wp-content/uploads/2026/06/dsc-ea.jpeg","https://pccctranduy.com/dau-bao-nhiet-gia-tang-hochiki-dsc-ea"
"Nút nhấn khẩn HSP-SAH","THIẾT BỊ BÁO CHÁY HOCHIKI","HSP-SAH","Hochiki/US","cái","<p>Nút nhấn báo cháy khẩn cấp Hochiki HSP-SAH, cho phép kích hoạt báo động bằng tay ngay khi người phát hiện cháy. Thiết kế nổi bật, thao tác nhanh.</p>
<h3>Thông số kỹ thuật</h3>
<ul>
<li>Loại: nút nhấn khẩn (manual call point)</li>
<li>Kích hoạt báo cháy thủ công</li>
<li>Vỏ màu đỏ dễ nhận biết</li>
<li>Hãng: Hochiki – xuất xứ Mỹ (US)</li>
</ul>
<h3>Ứng dụng</h3>
<p>Lắp tại lối thoát hiểm, hành lang, cầu thang bộ, gần cửa ra vào.</p>","https://pcccphuoclong.vn/wp-content/uploads/2026/06/hsp-sah.jpeg","https://pccctranduy.com/hop-bao-chay-khan-cap-hochiki-hps-sah"
"Nút hủy xả khí bằng tay HCVR-AS-R","THIẾT BỊ BÁO CHÁY HOCHIKI","HCVR-AS-R","Hochiki/UK","cái","<p>Nút hủy xả khí bằng tay Hochiki HCVR-AS-R, dùng trong hệ thống chữa cháy bằng khí để tạm dừng/hủy lệnh xả khí, đảm bảo an toàn cho người còn trong khu vực.</p>
<h3>Thông số kỹ thuật</h3>
<ul>
<li>Chức năng: hủy/tạm dừng xả khí (abort)</li>
<li>Dùng với trung tâm xả khí HCVR</li>
<li>Vỏ nhận diện rõ ràng</li>
<li>Hãng: Hochiki – Anh Quốc (UK)</li>
</ul>
<h3>Ứng dụng</h3>
<p>Phòng máy, phòng điện, khu vực có hệ chữa cháy bằng khí.</p>","https://pcccphuoclong.vn/wp-content/uploads/2026/06/hcvr-as-r.jpeg","https://pccctranduy.com/nut-nhan-tam-dung-xa-khi-hochiki-hcvr-as-r"
"Nút kích hoạt xả khí bằng tay HPS-DAK-SR","THIẾT BỊ BÁO CHÁY HOCHIKI","HPS-DAK-SR","Hochiki/US","cái","<p>Nút kích hoạt xả khí bằng tay Hochiki HPS-DAK-SR, cho phép chủ động kích hoạt xả khí chữa cháy tức thì khi cần thiết.</p>
<h3>Thông số kỹ thuật</h3>
<ul>
<li>Chức năng: kích hoạt xả khí thủ công (manual release)</li>
<li>Dùng với trung tâm xả khí HCVR</li>
<li>Hãng: Hochiki – xuất xứ Mỹ (US)</li>
</ul>
<h3>Ứng dụng</h3>
<p>Phòng server, phòng điện, khu vực dùng hệ chữa cháy bằng khí.</p>","https://pcccphuoclong.vn/wp-content/uploads/2026/06/hps-dak-sr.jpeg","https://pccctranduy.com/nut-nhan-xa-khi-hochiki-hps-dak-sr"
"Còi đèn chớp kết hợp HEC3-24WR","THIẾT BỊ BÁO CHÁY HOCHIKI","HEC3-24WR","Hochiki/US","cái","<p>Còi đèn chớp kết hợp Hochiki HEC3-24WR – thiết bị cảnh báo kép vừa phát âm thanh còi vừa nháy đèn strobe, đảm bảo cảnh báo cả bằng âm thanh lẫn hình ảnh.</p>
<h3>Thông số kỹ thuật</h3>
<ul>
<li>Loại: còi + đèn chớp (sounder beacon)</li>
<li>Điện áp: 24V DC</li>
<li>Vỏ/đèn màu đỏ</li>
<li>Đa âm sắc (multi-tone) tùy model</li>
<li>Hãng: Hochiki – xuất xứ Mỹ (US)</li>
<li><em>(Mức âm dB, dòng tiêu thụ: đối chiếu datasheet)</em></li>
</ul>
<h3>Ứng dụng</h3>
<p>Khu vực ồn ào, nhà xưởng, khu vực cần cảnh báo cho cả người khiếm thính.</p>","https://pcccphuoclong.vn/wp-content/uploads/2026/06/hec3-24wr.png","https://pccctranduy.com/coi-den-chop-hochiki-hec324wr"
"Chuông báo cháy FBB-150I","THIẾT BỊ BÁO CHÁY HOCHIKI","FBB-150I","Hochiki/JP","cái","<p>Chuông báo cháy Hochiki FBB-150I phát âm thanh báo động khi có sự cố. Vỏ chuông bền, âm lượng lớn.</p>
<h3>Thông số kỹ thuật</h3>
<ul>
<li>Loại: chuông báo cháy (fire bell)</li>
<li>Đường kính chuông: ~150mm (6 inch)</li>
<li>Điện áp: 24V DC</li>
<li>Hãng: Hochiki – xuất xứ Nhật (JP)</li>
<li><em>(Mức âm dB, dòng tiêu thụ: đối chiếu datasheet)</em></li>
</ul>
<h3>Ứng dụng</h3>
<p>Hành lang, cầu thang, khu vực công cộng trong nhà.</p>","https://pcccphuoclong.vn/wp-content/uploads/2026/06/fbb-150i.jpeg","https://pccctranduy.com/chuong-bao-chay-hochiki-fbb150i"
"Module giám sát cho đầu báo thường, model: DCP-CZM","THIẾT BỊ BÁO CHÁY HOCHIKI","DCP-CZM","Hochiki/JP-US","cái","<p>Module giám sát đầu báo thường Hochiki DCP-CZM, kết nối các đầu báo loại thường vào hệ thống báo cháy địa chỉ, giúp tích hợp thiết bị thường vào mạng địa chỉ mà vẫn định vị được.</p>
<h3>Thông số kỹ thuật</h3>
<ul>
<li>Loại: module zone (giám sát đầu báo thường)</li>
<li>Dùng cho hệ địa chỉ Hochiki</li>
<li>Có địa chỉ riêng trên loop</li>
<li>Hãng: Hochiki</li>
</ul>
<h3>Ứng dụng</h3>
<p>Mở rộng/nâng cấp hệ báo cháy địa chỉ có dùng đầu báo thường.</p>","https://pcccphuoclong.vn/wp-content/uploads/2026/06/dcp-czm.jpeg","https://nhatnam.com.vn/san-pham/bao-chay-dia-chi-hochiki/module-dia-chi-hochiki/module-cho-dau-bao-thuong.html"
"Module điều khiển báo cháy, model: DCP-R2ML","THIẾT BỊ BÁO CHÁY HOCHIKI","DCP-R2ML","Hochiki/US","cái","<p>Module điều khiển Hochiki DCP-R2ML với 2 ngõ ra rơ-le, dùng điều khiển thiết bị ngoại vi khi có báo động.</p>
<h3>Thông số kỹ thuật</h3>
<ul>
<li>Loại: module điều khiển 2 ngõ ra rơ-le</li>
<li>Dùng cho hệ địa chỉ Hochiki</li>
<li>Có địa chỉ riêng trên loop</li>
<li>Hãng: Hochiki – xuất xứ Mỹ (US)</li>
</ul>
<h3>Ứng dụng</h3>
<p>Điều khiển quạt hút khói, van, cửa chống cháy, thang máy về tầng khi báo cháy.</p>","https://pcccphuoclong.vn/wp-content/uploads/2026/06/dcp-r2ml.jpeg","https://pccctranduy.com/module-dieu-khien-2-ngo-ra-ro-le-hochiki-dcp-r2ml"
"Module giám sát báo cháy, model: DCP-FRCME-M","THIẾT BỊ BÁO CHÁY HOCHIKI","DCP-FRCME-M","Hochiki/US","cái","<p>Module giám sát ngõ vào Hochiki DCP-FRCME-M, giám sát trạng thái các thiết bị đầu vào và báo về trung tâm địa chỉ.</p>
<h3>Thông số kỹ thuật</h3>
<ul>
<li>Loại: module monitor (giám sát ngõ vào)</li>
<li>Dùng cho hệ địa chỉ Hochiki</li>
<li>Có địa chỉ riêng trên loop</li>
<li>Hãng: Hochiki – xuất xứ Mỹ (US)</li>
</ul>
<h3>Ứng dụng</h3>
<p>Giám sát công tắc dòng chảy, van chữa cháy, nút nhấn, thiết bị bên thứ ba.</p>","https://pcccphuoclong.vn/wp-content/uploads/2026/06/dcp-frcme-m.gif","https://pccctranduy.com/module-giam-sat-ngo-vao-hochiki-dcp-frcme-m"
"Đầu báo cháy khói loại địa chỉ + đế FSP/951","THIẾT BỊ BÁO CHÁY NOTIFIER","FSP-951","Notifier/THD","bộ","<p>Đầu báo khói địa chỉ Notifier FSP-951 kèm đế, dòng cảm biến quang thông minh cho hệ báo cháy địa chỉ. Mỗi đầu có địa chỉ riêng giúp xác định chính xác vị trí cháy trên màn hình trung tâm.</p>
<h3>Thông số kỹ thuật</h3>
<ul>
<li>Loại: đầu báo khói quang địa chỉ (addressable)</li>
<li>Công nghệ cảm biến thông minh, bù trôi (drift compensation)</li>
<li>Kèm đế địa chỉ</li>
<li>Hãng: Notifier (Honeywell) – xuất xứ Thái Lan</li>
<li><em>(Dải điện áp loop, dòng tiêu thụ: đối chiếu datasheet)</em></li>
</ul>
<h3>Ứng dụng</h3>
<p>Công trình lớn cần định vị chính xác từng điểm: cao ốc, khách sạn, trung tâm thương mại.</p>","https://pcccphuoclong.vn/wp-content/uploads/2026/06/fsp-951.png","https://cdp.com.vn/fsp-951-addressable-smoke-detector"
"Đầu báo nhiệt loại địa chỉ + đế FST/951","THIẾT BỊ BÁO CHÁY NOTIFIER","FST-951","Notifier/THD","bộ","<p>Đầu báo nhiệt địa chỉ Notifier FST-951 kèm đế, phát hiện cháy qua nhiệt cho hệ địa chỉ, định vị chính xác điểm báo.</p>
<h3>Thông số kỹ thuật</h3>
<ul>
<li>Loại: đầu báo nhiệt địa chỉ (addressable)</li>
<li>Loại gia tăng + cố định</li>
<li>Kèm đế địa chỉ</li>
<li>Hãng: Notifier (Honeywell) – xuất xứ Thái Lan</li>
</ul>
<h3>Ứng dụng</h3>
<p>Khu vực dễ báo giả với đầu báo khói trong công trình dùng hệ địa chỉ.</p>","https://pcccphuoclong.vn/wp-content/uploads/2026/06/fst-951.jpeg","https://cdp.com.vn/fst-951-addressable-heat-detector"
"Đầu báo khói thường + đế 2W-B","THIẾT BỊ BÁO CHÁY NOTIFIER","2W-B","System Sensor/ TQ","bộ","<p>Đầu báo khói thường System Sensor 2W-B kèm đế, loại 2 dây, cảm biến khói quang điện – giải pháp kinh tế cho hệ báo cháy thường.</p>
<h3>Thông số kỹ thuật</h3>
<ul>
<li>Loại: đầu báo khói quang loại 2 dây (2-wire)</li>
<li>Kèm đế đấu nối</li>
<li>Điện áp tương thích hệ thường 12/24V</li>
<li>Hãng: System Sensor – xuất xứ Trung Quốc</li>
</ul>
<h3>Ứng dụng</h3>
<p>Hệ báo cháy thường cho nhà ở, cửa hàng, văn phòng nhỏ.</p>","https://pcccphuoclong.vn/wp-content/uploads/2026/06/2w-b.png|https://pcccphuoclong.vn/wp-content/uploads/2026/06/2w-b-2.jpeg","https://honeywellfire.vn/2w-b-dau-bao-khoi-quang-loai-hai-day"
"Đầu báo cháy nhiệt thường + đế 5151-CH","THIẾT BỊ BÁO CHÁY NOTIFIER","5151-CH","System Sensor/ TQ","bộ","<p>Đầu báo nhiệt thường System Sensor 5151-CH kèm đế, loại gia tăng kết hợp cố định, kích hoạt ở khoảng 57°C.</p>
<h3>Thông số kỹ thuật</h3>
<ul>
<li>Loại: đầu báo nhiệt gia tăng + cố định</li>
<li>Ngưỡng cố định: ~57°C</li>
<li>Kèm đế đấu nối</li>
<li>Hãng: System Sensor – xuất xứ Trung Quốc</li>
</ul>
<h3>Ứng dụng</h3>
<p>Bếp, nhà xe, khu vực có khói bụi/hơi nước.</p>","","https://honeywellfire.vn/5151-dau-bao-nhiet-gia-tang-ket-hop-co-dinh-57-do"
"Trung tâm báo cháy Yunyang","THIẾT BỊ BÁO CHÁY YUNYANG","","Yunyang/Taiwan","tủ","<p>Trung tâm báo cháy Yunyang – bộ điều khiển trung tâm cho hệ báo cháy thường với chi phí hợp lý, tiếp nhận tín hiệu đầu báo/nút nhấn và điều khiển thiết bị cảnh báo.</p>
<h3>Thông số kỹ thuật</h3>
<ul>
<li>Loại: tủ trung tâm báo cháy thường</li>
<li>Số kênh tùy model (vd 2 zone trở lên)</li>
<li>Nguồn AC + ắc-quy dự phòng</li>
<li>Hãng: Yunyang – Đài Loan</li>
<li><em>(Số zone cụ thể: xác nhận theo model)</em></li>
</ul>
<h3>Ứng dụng</h3>
<p>Công trình nhỏ và vừa cần giải pháp báo cháy tiết kiệm.</p>","","https://yunyang.com.vn/trung-tam-bao-chay-2-kenh-yunyang-yf3-2l-mau-do/"
"Đầu báo khói quang + đế YDS-S01","THIẾT BỊ BÁO CHÁY YUNYANG","YDS-S01","Yunyang/Taiwan","bộ","<p>Đầu báo khói quang Yunyang YDS-S01 kèm đế, điện áp 24V, cảm biến khói quang điện – lựa chọn kinh tế cho hệ báo cháy thường.</p>
<h3>Thông số kỹ thuật</h3>
<ul>
<li>Loại: đầu báo khói quang</li>
<li>Điện áp: 24V</li>
<li>Kèm đế đấu nối</li>
<li>Hãng: Yunyang – Đài Loan</li>
</ul>
<h3>Ứng dụng</h3>
<p>Văn phòng, cửa hàng, nhà xưởng quy mô vừa và nhỏ.</p>","https://pcccphuoclong.vn/wp-content/uploads/2026/06/yds-s01.png|https://pcccphuoclong.vn/wp-content/uploads/2026/06/yds-s01-2.png","https://yunyang.com.vn/dau-bao-khoi-quang-yunyang-yds-s01-24v/"
"Đầu báo khói quang + đế YDS-S02","THIẾT BỊ BÁO CHÁY YUNYANG","YDS-S02","Yunyang/Taiwan","bộ","<p>Đầu báo khói quang Yunyang YDS-S02 kèm đế, cảm biến khói quang điện cho hệ báo cháy thường, độ bền tốt, dễ bảo trì.</p>
<h3>Thông số kỹ thuật</h3>
<ul>
<li>Loại: đầu báo khói quang</li>
<li>Kèm đế đấu nối</li>
<li>Hãng: Yunyang – Đài Loan</li>
</ul>
<h3>Ứng dụng</h3>
<p>Hệ báo cháy thường cho công trình dân dụng và thương mại nhỏ.</p>","https://pcccphuoclong.vn/wp-content/uploads/2026/06/yds-s02.jpeg","https://yunyang.com.vn/thiet-bi-bao-chay-yun-yang/"
"Đầu báo nhiệt thường + đế YDD-S02A","THIẾT BỊ BÁO CHÁY YUNYANG","YDD-S02A","Yunyang/Taiwan","bộ","<p>Đầu báo nhiệt thường Yunyang YDD-S02A kèm đế, kích hoạt khi nhiệt độ vượt ngưỡng.</p>
<h3>Thông số kỹ thuật</h3>
<ul>
<li>Loại: đầu báo nhiệt</li>
<li>Kèm đế đấu nối</li>
<li>Hãng: Yunyang – Đài Loan</li>
</ul>
<h3>Ứng dụng</h3>
<p>Bếp, nhà xe, khu vực nhiều khói bụi/hơi nước.</p>","https://pcccphuoclong.vn/wp-content/uploads/2026/06/ydd-s02a.png","http://yunyang.com.vn/dau-bao-nhiet-yunyang-ydd-s02/"
"Đèn báo cháy YL-01","THIẾT BỊ BÁO CHÁY YUNYANG","YL-01","Yunyang/Taiwan","cái","<p>Đèn báo cháy Yunyang YL-01, đèn báo hiệu khu vực phát sinh sự cố, hỗ trợ nhận biết vị trí có báo động.</p>
<h3>Thông số kỹ thuật</h3>
<ul>
<li>Loại: đèn báo cháy</li>
<li>Điện áp: 24V</li>
<li>Hãng: Yunyang – Đài Loan</li>
</ul>
<h3>Ứng dụng</h3>
<p>Lắp ngoài phòng/hành lang để chỉ thị khu vực báo động.</p>","https://pcccphuoclong.vn/wp-content/uploads/2026/06/yl-01.jpeg","https://yunyang.com.vn/den-bao-chay-yunyang-yl-01/"
"Chuông báo cháy 6"" YFB-6","THIẾT BỊ BÁO CHÁY YUNYANG","YFB-6","Yunyang/Taiwan","cái","<p>Chuông báo cháy Yunyang YFB-6 cỡ 6 inch, phát âm thanh báo động lớn, vỏ kim loại bền.</p>
<h3>Thông số kỹ thuật</h3>
<ul>
<li>Loại: chuông báo cháy</li>
<li>Đường kính: 6 inch (~150mm)</li>
<li>Điện áp: 24V</li>
<li>Hãng: Yunyang – Đài Loan</li>
</ul>
<h3>Ứng dụng</h3>
<p>Hành lang, cầu thang, khu vực công cộng trong nhà.</p>","https://pcccphuoclong.vn/wp-content/uploads/2026/06/yfb-6.png","https://yunyang.com.vn/chuong-bao-chay-6-yunyang-yfb-6-24v/"
"Nút nhấn khần YM-P01","THIẾT BỊ BÁO CHÁY YUNYANG","YM-P01","Yunyang/Taiwan","cái","<p>Nút nhấn khẩn cấp Yunyang YM-P01, kích hoạt báo cháy bằng tay, thiết kế gọn dễ thao tác.</p>
<h3>Thông số kỹ thuật</h3>
<ul>
<li>Loại: nút nhấn khẩn (manual call point)</li>
<li>Vỏ đỏ dễ nhận biết</li>
<li>Hãng: Yunyang – Đài Loan</li>
</ul>
<h3>Ứng dụng</h3>
<p>Lối thoát hiểm, hành lang, gần cửa ra vào.</p>","","https://yunyang.com.vn/nut-nhan-khan-yunyang-ym-p01/"
"Đầu phun hướng lên Tyco DN15, K5.6, 68°C TY315","ĐẦU PHUN CHỮA CHÁY","TY315","Tyco/UK","cái","<p>Đầu phun sprinkler chữa cháy Tyco model TY315, lắp hướng lên (upright). Loại bầu thủy tinh tự kích hoạt: khi nhiệt độ môi trường đạt 68°C, bầu thủy tinh vỡ và đầu phun xả nước dập cháy tự động.</p>
<h3>Thông số kỹ thuật</h3>
<ul>
<li>Model: TY315</li>
<li>Hướng lắp: hướng lên (upright)</li>
<li>Kích cỡ ren: DN15 (1/2 inch)</li>
<li>Hệ số dòng chảy K = 5.6</li>
<li>Nhiệt độ kích hoạt: 68°C (bầu thủy tinh màu đỏ)</li>
<li>Cơ chế: bầu thủy tinh (glass bulb)</li>
<li>Xuất xứ: Tyco – Anh Quốc (UK)</li>
</ul>
<h3>Ứng dụng</h3>
<p>Hệ thống chữa cháy tự động sprinkler cho nhà xưởng, kho, tòa nhà, trung tâm thương mại.</p>","https://pcccphuoclong.vn/wp-content/uploads/2026/06/ty315.jpeg","https://anphat.com/vi/dau-phun-sprinkler-tyco-huong-len-ty315.html"
"Đầu phun hướng xuống Tyco DN15, K5.6, 68°C TY325","ĐẦU PHUN CHỮA CHÁY","TY325","Tyco/UK","cái","<p>Đầu phun sprinkler chữa cháy Tyco model TY325, lắp hướng xuống (pendent). Loại bầu thủy tinh tự kích hoạt: khi nhiệt độ môi trường đạt 68°C, bầu thủy tinh vỡ và đầu phun xả nước dập cháy tự động.</p>
<h3>Thông số kỹ thuật</h3>
<ul>
<li>Model: TY325</li>
<li>Hướng lắp: hướng xuống (pendent)</li>
<li>Kích cỡ ren: DN15 (1/2 inch)</li>
<li>Hệ số dòng chảy K = 5.6</li>
<li>Nhiệt độ kích hoạt: 68°C (bầu thủy tinh màu đỏ)</li>
<li>Cơ chế: bầu thủy tinh (glass bulb)</li>
<li>Xuất xứ: Tyco – Anh Quốc (UK)</li>
</ul>
<h3>Ứng dụng</h3>
<p>Hệ thống chữa cháy tự động sprinkler cho nhà xưởng, kho, tòa nhà, trung tâm thương mại.</p>","https://pcccphuoclong.vn/wp-content/uploads/2026/06/ty325.png","https://anphat.com/vi/dau-phun-sprinkler-tyco-huong-xuong-ty325.html"
"Đầu phun hướng xuống Tyco DN15, K5.6, 93°C TY325","ĐẦU PHUN CHỮA CHÁY","TY325","Tyco/UK","cái","<p>Đầu phun sprinkler chữa cháy Tyco model TY325, lắp hướng xuống (pendent). Loại bầu thủy tinh tự kích hoạt: khi nhiệt độ môi trường đạt 93°C, bầu thủy tinh vỡ và đầu phun xả nước dập cháy tự động. Loại 93°C dùng cho khu vực nhiệt độ môi trường cao hơn.</p>
<h3>Thông số kỹ thuật</h3>
<ul>
<li>Model: TY325</li>
<li>Hướng lắp: hướng xuống (pendent)</li>
<li>Kích cỡ ren: DN15 (1/2 inch)</li>
<li>Hệ số dòng chảy K = 5.6</li>
<li>Nhiệt độ kích hoạt: 93°C (bầu thủy tinh màu xanh lá)</li>
<li>Cơ chế: bầu thủy tinh (glass bulb)</li>
<li>Xuất xứ: Tyco – Anh Quốc (UK)</li>
</ul>
<h3>Ứng dụng</h3>
<p>Hệ thống chữa cháy tự động sprinkler cho nhà xưởng, kho, tòa nhà, trung tâm thương mại.</p>","https://pcccphuoclong.vn/wp-content/uploads/2026/06/ty325.jpeg","https://anphat.com/vi/dau-phun-sprinkler-tyco-huong-xuong-ty325.html"
"Đầu phun hướng lên Tyco DN15, K5.6, 93°C TY315","ĐẦU PHUN CHỮA CHÁY","TY315","Tyco/UK","cái","<p>Đầu phun sprinkler chữa cháy Tyco model TY315, lắp hướng lên (upright). Loại bầu thủy tinh tự kích hoạt: khi nhiệt độ môi trường đạt 93°C, bầu thủy tinh vỡ và đầu phun xả nước dập cháy tự động. Loại 93°C dùng cho khu vực nhiệt độ môi trường cao hơn.</p>
<h3>Thông số kỹ thuật</h3>
<ul>
<li>Model: TY315</li>
<li>Hướng lắp: hướng lên (upright)</li>
<li>Kích cỡ ren: DN15 (1/2 inch)</li>
<li>Hệ số dòng chảy K = 5.6</li>
<li>Nhiệt độ kích hoạt: 93°C (bầu thủy tinh màu xanh lá)</li>
<li>Cơ chế: bầu thủy tinh (glass bulb)</li>
<li>Xuất xứ: Tyco – Anh Quốc (UK)</li>
</ul>
<h3>Ứng dụng</h3>
<p>Hệ thống chữa cháy tự động sprinkler cho nhà xưởng, kho, tòa nhà, trung tâm thương mại.</p>","https://pcccphuoclong.vn/wp-content/uploads/2026/06/ty315-1-26.jpeg","https://anphat.com/vi/dau-phun-sprinkler-tyco-huong-len-ty315.html"
"Đầu phun hướng xuống Tyco DN20, K8.0, 68°C TY4251","ĐẦU PHUN CHỮA CHÁY","TY4251","Tyco/UK","cái","<p>Đầu phun sprinkler chữa cháy Tyco model TY4251, lắp hướng xuống (pendent). Loại bầu thủy tinh tự kích hoạt: khi nhiệt độ môi trường đạt 68°C, bầu thủy tinh vỡ và đầu phun xả nước dập cháy tự động. K=8.0 cho lưu lượng nước lớn hơn loại K5.6.</p>
<h3>Thông số kỹ thuật</h3>
<ul>
<li>Model: TY4251</li>
<li>Hướng lắp: hướng xuống (pendent)</li>
<li>Kích cỡ ren: DN20 (3/4 inch)</li>
<li>Hệ số dòng chảy K = 8.0</li>
<li>Nhiệt độ kích hoạt: 68°C (bầu thủy tinh màu đỏ)</li>
<li>Cơ chế: bầu thủy tinh (glass bulb)</li>
<li>Xuất xứ: Tyco – Anh Quốc (UK)</li>
</ul>
<h3>Ứng dụng</h3>
<p>Hệ thống chữa cháy tự động sprinkler cho nhà xưởng, kho, tòa nhà, trung tâm thương mại.</p>","","https://anphat.com/vi/dau-phun-sprinkler-tyco-huong-xuong-ty4251.html"
"Đầu phun nước chữa cháy âm trần DN15, K5.6, 68°C TY3551","ĐẦU PHUN CHỮA CHÁY","TY3551","Tyco/US","cái","<p>Đầu phun sprinkler âm trần Tyco TY3551 (concealed/recessed), DN15, K=5.6, kích hoạt 68°C, kèm nắp che thẩm mỹ. Lắp âm trần cho khu vực hoàn thiện cao.</p>
<h3>Thông số kỹ thuật</h3>
<ul>
<li>Model: TY3551</li>
<li>Loại: âm trần (concealed), hướng xuống</li>
<li>Ren: DN15 (1/2 inch)</li>
<li>Hệ số K = 5.6</li>
<li>Nhiệt độ kích hoạt: 68°C</li>
<li>Kèm nắp che thẩm mỹ</li>
<li>Xuất xứ: Tyco – Mỹ (US)</li>
</ul>
<h3>Ứng dụng</h3>
<p>Văn phòng, khách sạn, showroom, khu vực trần hoàn thiện cần thẩm mỹ.</p>","https://pcccphuoclong.vn/wp-content/uploads/2026/06/ty3551.png|https://pcccphuoclong.vn/wp-content/uploads/2026/06/ty3551-2.jpeg","https://anphat.com/vi/dau-phun-sprinkler-tyco-am-tran-ty3551.html"
"Đầu phun nước chữa cháy hướng lên TY5137, 3/4 inch, K=11.2, 68°C","ĐẦU PHUN CHỮA CHÁY","TY5137","Tyco/UK-US","cái","<p>Đầu phun sprinkler chữa cháy Tyco model TY5137, lắp hướng lên (upright). Loại bầu thủy tinh tự kích hoạt: khi nhiệt độ môi trường đạt 68°C, bầu thủy tinh vỡ và đầu phun xả nước dập cháy tự động. K=11.2 (lưu lượng lớn) cho khu vực nguy cơ cháy cao như kho hàng.</p>
<h3>Thông số kỹ thuật</h3>
<ul>
<li>Model: TY5137</li>
<li>Hướng lắp: hướng lên (upright)</li>
<li>Kích cỡ ren: 3/4 inch</li>
<li>Hệ số dòng chảy K = 11.2</li>
<li>Nhiệt độ kích hoạt: 68°C (bầu thủy tinh màu đỏ)</li>
<li>Cơ chế: bầu thủy tinh (glass bulb)</li>
<li>Xuất xứ: Tyco – Anh/Mỹ (UK-US)</li>
</ul>
<h3>Ứng dụng</h3>
<p>Hệ thống chữa cháy tự động sprinkler cho nhà xưởng, kho, tòa nhà, trung tâm thương mại.</p>","https://pcccphuoclong.vn/wp-content/uploads/2026/06/ty5137.jpeg","https://anphat.com/vi/dau-phun-sprinkler-tyco-huong-len-ty5137.html"
"Đầu phun nước chữa cháy hướng xuống TY5237, 3/4 inch, K=11.2, 68°C","ĐẦU PHUN CHỮA CHÁY","TY5237","Tyco/UK-US","cái","<p>Đầu phun sprinkler chữa cháy Tyco model TY5237, lắp hướng xuống (pendent). Loại bầu thủy tinh tự kích hoạt: khi nhiệt độ môi trường đạt 68°C, bầu thủy tinh vỡ và đầu phun xả nước dập cháy tự động. K=11.2 (lưu lượng lớn) cho khu vực nguy cơ cháy cao như kho hàng.</p>
<h3>Thông số kỹ thuật</h3>
<ul>
<li>Model: TY5237</li>
<li>Hướng lắp: hướng xuống (pendent)</li>
<li>Kích cỡ ren: 3/4 inch</li>
<li>Hệ số dòng chảy K = 11.2</li>
<li>Nhiệt độ kích hoạt: 68°C (bầu thủy tinh màu đỏ)</li>
<li>Cơ chế: bầu thủy tinh (glass bulb)</li>
<li>Xuất xứ: Tyco – Anh/Mỹ (UK-US)</li>
</ul>
<h3>Ứng dụng</h3>
<p>Hệ thống chữa cháy tự động sprinkler cho nhà xưởng, kho, tòa nhà, trung tâm thương mại.</p>","","https://anphat.com/vi/dau-phun-sprinkler-tyco-huong-xuong-ty5237.html"
"ĐẦU PHUN ÂM TRẦN HƯỚNG XUỐNG, KÈM NẮP CHỤP AG, MODEL: GA8173","ĐẦU PHUN CHỮA CHÁY","GA8173","","bộ","<p>Đầu phun âm trần hướng xuống model GA8173, kèm nắp chụp AG che thẩm mỹ. Tự kích hoạt phun nước khi đạt ngưỡng nhiệt.</p>
<h3>Thông số kỹ thuật</h3>
<ul>
<li>Model: GA8173</li>
<li>Loại: âm trần, hướng xuống (pendent concealed)</li>
<li>Kèm nắp chụp AG</li>
<li>Cơ chế: bầu thủy tinh tự kích hoạt</li>
<li><em>(DN, K-factor, nhiệt độ: xác nhận theo lô hàng)</em></li>
</ul>
<h3>Ứng dụng</h3>
<p>Khu vực trần hoàn thiện cần thẩm mỹ: văn phòng, khách sạn.</p>","https://pcccphuoclong.vn/wp-content/uploads/2026/06/ga8173.png",""
"Đầu phun hướng lên DN15, K5.6, 68°C PS001","ĐẦU PHUN CHỮA CHÁY","PS001","Protector/ Taiwan","cái","<p>Đầu phun sprinkler chữa cháy model PS001, lắp hướng lên (upright). Loại bầu thủy tinh tự kích hoạt: khi nhiệt độ môi trường đạt 68°C, bầu thủy tinh vỡ và đầu phun xả nước dập cháy tự động. Giải pháp kinh tế cho hệ sprinkler.</p>
<h3>Thông số kỹ thuật</h3>
<ul>
<li>Model: PS001</li>
<li>Hướng lắp: hướng lên (upright)</li>
<li>Kích cỡ ren: DN15 (1/2 inch)</li>
<li>Hệ số dòng chảy K = 5.6</li>
<li>Nhiệt độ kích hoạt: 68°C (bầu thủy tinh màu đỏ)</li>
<li>Cơ chế: bầu thủy tinh (glass bulb)</li>
<li>Xuất xứ: Protector – Đài Loan</li>
</ul>
<h3>Ứng dụng</h3>
<p>Hệ thống chữa cháy tự động sprinkler cho nhà xưởng, kho, tòa nhà, trung tâm thương mại.</p>","https://pcccphuoclong.vn/wp-content/uploads/2026/06/ps001.jpeg","https://anphat.com/vi/dau-phun-sprinkler-protector-huong-len-ps001.html"
"Đầu phun hướng xuống DN15, K5.6, 68°C PS002","ĐẦU PHUN CHỮA CHÁY","PS002","Protector/ Taiwan","cái","<p>Đầu phun sprinkler chữa cháy model PS002, lắp hướng xuống (pendent). Loại bầu thủy tinh tự kích hoạt: khi nhiệt độ môi trường đạt 68°C, bầu thủy tinh vỡ và đầu phun xả nước dập cháy tự động. Giải pháp kinh tế cho hệ sprinkler.</p>
<h3>Thông số kỹ thuật</h3>
<ul>
<li>Model: PS002</li>
<li>Hướng lắp: hướng xuống (pendent)</li>
<li>Kích cỡ ren: DN15 (1/2 inch)</li>
<li>Hệ số dòng chảy K = 5.6</li>
<li>Nhiệt độ kích hoạt: 68°C (bầu thủy tinh màu đỏ)</li>
<li>Cơ chế: bầu thủy tinh (glass bulb)</li>
<li>Xuất xứ: Protector – Đài Loan</li>
</ul>
<h3>Ứng dụng</h3>
<p>Hệ thống chữa cháy tự động sprinkler cho nhà xưởng, kho, tòa nhà, trung tâm thương mại.</p>","https://pcccphuoclong.vn/wp-content/uploads/2026/06/ps002.jpeg","https://anphat.com/vi/dau-phun-sprinkler-protector-huong-xuong-ps002.html"
"Nắp chụp đầu phun Protector (đôi) DN15","ĐẦU PHUN CHỮA CHÁY","","VN","bộ","<p>Nắp chụp đầu phun Protector loại đôi, dùng cho đầu phun DN15. Bảo vệ đầu phun và tăng thẩm mỹ khi lắp âm trần.</p>
<h3>Thông số kỹ thuật</h3>
<ul>
<li>Loại: nắp chụp đôi</li>
<li>Dùng cho đầu phun DN15</li>
<li>Hãng Protector</li>
<li>Xuất xứ: Việt Nam</li>
</ul>
<h3>Ứng dụng</h3>
<p>Hoàn thiện thẩm mỹ và bảo vệ đầu phun sprinkler âm trần.</p>","https://pcccphuoclong.vn/wp-content/uploads/2026/06/nap-chup-au-phun-protector-oi-dn15.jpeg",""
"Nắp chụp bảo vệ đầu phun","ĐẦU PHUN CHỮA CHÁY","","VN","cái","<p>Nắp chụp bảo vệ đầu phun sprinkler, che chắn đầu phun khỏi va đập và bụi bẩn, giữ đầu phun luôn sẵn sàng hoạt động.</p>
<h3>Thông số kỹ thuật</h3>
<ul>
<li>Loại: nắp chụp bảo vệ</li>
<li>Bảo vệ chống va đập, bụi bẩn</li>
<li>Xuất xứ: Việt Nam</li>
</ul>
<h3>Ứng dụng</h3>
<p>Bảo vệ đầu phun tại khu vực dễ va chạm hoặc nhiều bụi.</p>","",""
"Nắp chụp đầu phun (chén) - hàng VN","ĐẦU PHUN CHỮA CHÁY","","VN","bộ","<p>Nắp chụp đầu phun loại chén (escutcheon), che phần đầu phun âm trần tạo thẩm mỹ và che khe hở trần.</p>
<h3>Thông số kỹ thuật</h3>
<ul>
<li>Loại: nắp chụp chén (escutcheon)</li>
<li>Hàng sản xuất tại Việt Nam</li>
</ul>
<h3>Ứng dụng</h3>
<p>Hoàn thiện thẩm mỹ cho đầu phun âm trần.</p>","https://pcccphuoclong.vn/wp-content/uploads/2026/06/nap-chup-au-phun-chen-hang-vn.jpeg",""
"Bình chữa cháy CO2 3KG - TQ","BÌNH CHỮA CHÁY","MT3","JSF/TQ","bình","<p>Bình chữa cháy khí CO2 loại 3KG (MT3), dập cháy bằng cách cách ly oxy và làm lạnh đám cháy, không để lại cặn nên an toàn cho thiết bị điện tử.</p>
<h3>Thông số kỹ thuật</h3>
<ul>
<li>Chất chữa cháy: khí CO2</li>
<li>Khối lượng khí: 3 kg</li>
<li>Dập tốt cháy loại B (chất lỏng) và thiết bị điện</li>
<li>Không để lại cặn sau khi phun</li>
<li>Hãng JSF – Trung Quốc</li>
</ul>
<h3>Ứng dụng</h3>
<p>Phòng máy, tủ điện, văn phòng, nơi có nhiều thiết bị điện – điện tử.</p>","https://pcccphuoclong.vn/wp-content/uploads/2026/06/mt3.jpeg","https://pccchuongduong.vn/binh-chua-chay-co2-3kg/"
"Bình chữa cháy bột ABC 4KG - TQ","BÌNH CHỮA CHÁY","MFZL4","JSF/TQ","bình","<p>Bình chữa cháy bột ABC loại 4KG (MFZL4), dập được cả 3 nhóm cháy A (chất rắn), B (chất lỏng), C (chất khí) – loại đa dụng phổ biến nhất.</p>
<h3>Thông số kỹ thuật</h3>
<ul>
<li>Chất chữa cháy: bột khô ABC</li>
<li>Khối lượng bột: 4 kg</li>
<li>Dập cháy loại A, B, C</li>
<li>Có đồng hồ áp suất</li>
<li>Hãng JSF – Trung Quốc</li>
</ul>
<h3>Ứng dụng</h3>
<p>Gia đình, văn phòng, ô tô, cửa hàng – đa dụng cho nhiều loại đám cháy.</p>","https://pcccphuoclong.vn/wp-content/uploads/2026/06/mfzl4.jpeg","https://pccchuongduong.vn/binh-chua-chay-bot-abc-4kg/"
"Bình chữa cháy CO2 3KG - BQP","BÌNH CHỮA CHÁY","83MEC/CO2/MT3","83MEC/VN","bình","<p>Bình chữa cháy khí CO2 3KG do Nhà máy Z183 (83MEC) – Bộ Quốc Phòng sản xuất, đạt tiêu chuẩn kiểm định Việt Nam, chất lượng quân đội.</p>
<h3>Thông số kỹ thuật</h3>
<ul>
<li>Chất chữa cháy: khí CO2</li>
<li>Khối lượng khí: 3 kg</li>
<li>Dập cháy loại B và thiết bị điện, không để lại cặn</li>
<li>Đạt kiểm định PCCC Việt Nam</li>
<li>Xuất xứ: 83MEC (Bộ Quốc Phòng) – Việt Nam</li>
</ul>
<h3>Ứng dụng</h3>
<p>Văn phòng, phòng máy, tủ điện, cơ sở kinh doanh cần hàng kiểm định.</p>","https://pcccphuoclong.vn/wp-content/uploads/2026/06/83mec-co2-mt3.jpeg","https://83mec.com/san-pham/binh-chua-chay-co2-3kg-83mec/"
"Bình chữa cháy bột ABC 4KG - BQP","BÌNH CHỮA CHÁY","83MEC/ABC/4KG","83MEC/VN","bình","<p>Bình chữa cháy bột ABC 4KG do Nhà máy Z183 (83MEC) – Bộ Quốc Phòng sản xuất, dập được cháy rắn, lỏng và khí.</p>
<h3>Thông số kỹ thuật</h3>
<ul>
<li>Chất chữa cháy: bột khô ABC</li>
<li>Khối lượng bột: 4 kg</li>
<li>Dập cháy loại A, B, C</li>
<li>Có đồng hồ áp suất</li>
<li>Đạt kiểm định PCCC Việt Nam</li>
<li>Xuất xứ: 83MEC (Bộ Quốc Phòng) – Việt Nam</li>
</ul>
<h3>Ứng dụng</h3>
<p>Gia đình, văn phòng, cơ sở kinh doanh.</p>","https://pcccphuoclong.vn/wp-content/uploads/2026/06/83mec-abc-4kg.jpeg","https://83mec.com/san-pham/binh-chua-chay-bot-abc-4kg-83mec/"
"Bình chữa cháy khí CO2 5KG - BQP","BÌNH CHỮA CHÁY","83MEC/CO2/MT5","83MEC/VN","bình","<p>Bình chữa cháy khí CO2 5KG do Nhà máy Z183 (83MEC) – Bộ Quốc Phòng sản xuất, dung tích lớn cho khu vực rộng.</p>
<h3>Thông số kỹ thuật</h3>
<ul>
<li>Chất chữa cháy: khí CO2</li>
<li>Khối lượng khí: 5 kg</li>
<li>Dập cháy loại B và thiết bị điện, không để lại cặn</li>
<li>Đạt kiểm định PCCC Việt Nam</li>
<li>Xuất xứ: 83MEC (Bộ Quốc Phòng) – Việt Nam</li>
</ul>
<h3>Ứng dụng</h3>
<p>Phòng máy lớn, nhà xưởng, khu vực nhiều thiết bị điện.</p>","https://pcccphuoclong.vn/wp-content/uploads/2026/06/83mec-co2-mt5.jpeg","https://83mec.com/san-pham/binh-chua-chay-co2-5kg-83mec/"
"Bình chữa cháy bột ABC 8KG - BQP","BÌNH CHỮA CHÁY","83MEC/ABC/8KG","83MEC/VN","bình","<p>Bình chữa cháy bột ABC 8KG do Nhà máy Z183 (83MEC) – Bộ Quốc Phòng sản xuất, dung tích lớn cho nhà xưởng, kho bãi.</p>
<h3>Thông số kỹ thuật</h3>
<ul>
<li>Chất chữa cháy: bột khô ABC</li>
<li>Khối lượng bột: 8 kg</li>
<li>Dập cháy loại A, B, C</li>
<li>Có đồng hồ áp suất</li>
<li>Đạt kiểm định PCCC Việt Nam</li>
<li>Xuất xứ: 83MEC (Bộ Quốc Phòng) – Việt Nam</li>
</ul>
<h3>Ứng dụng</h3>
<p>Nhà xưởng, kho hàng, khu vực rộng cần lượng chữa cháy lớn.</p>","https://pcccphuoclong.vn/wp-content/uploads/2026/06/83mec-abc-8kg.jpeg","https://83mec.com/san-pham/binh-chua-chay-bot-abc-8kg-83mec/"
"Bình cầu chữa cháy tự động bột ABC 6kg - BQP","BÌNH CHỮA CHÁY","83MEC/ABC/TĐ6KG","83MEC/VN","bình","<p>Bình cầu chữa cháy tự động bột ABC 6KG do Nhà máy Z183 (83MEC) – Bộ Quốc Phòng sản xuất. Tự động phun bột khi nhiệt độ đạt ngưỡng mà không cần người vận hành.</p>
<h3>Thông số kỹ thuật</h3>
<ul>
<li>Chất chữa cháy: bột khô ABC</li>
<li>Khối lượng bột: 6 kg</li>
<li>Loại: bình cầu tự động (treo trên cao)</li>
<li>Tự kích hoạt theo nhiệt độ</li>
<li>Đạt kiểm định PCCC Việt Nam</li>
<li>Xuất xứ: 83MEC (Bộ Quốc Phòng) – Việt Nam</li>
</ul>
<h3>Ứng dụng</h3>
<p>Treo phía trên tủ điện, phòng máy, khu vực không thường xuyên có người.</p>","https://pcccphuoclong.vn/wp-content/uploads/2026/06/83mec-abc-t6kg.jpeg","https://83mec.com/san-pham/binh-chua-chay-tu-dong-bot-abc-6kg-83mec/"
"Bình cầu chữa cháy tự động bột ABC 6kg - TQ","BÌNH CHỮA CHÁY","XZFTB6","JSF/TQ","bình","<p>Bình cầu chữa cháy tự động bột ABC 6KG (XZFTB6), tự động phun bột khi gặp nhiệt độ cao, không cần người vận hành.</p>
<h3>Thông số kỹ thuật</h3>
<ul>
<li>Chất chữa cháy: bột khô ABC</li>
<li>Khối lượng bột: 6 kg</li>
<li>Loại: bình cầu tự động (treo trên cao)</li>
<li>Tự kích hoạt theo nhiệt độ</li>
<li>Hãng JSF – Trung Quốc</li>
</ul>
<h3>Ứng dụng</h3>
<p>Tủ điện, phòng máy, khu vực ít người qua lại.</p>","https://pcccphuoclong.vn/wp-content/uploads/2026/06/xzftb6.jpeg","https://pccchuongduong.vn/binh-chua-chay-bot-abc-6kg-jsf/"
"Bình chữa cháy CO2 3KG - VINAFOAM","BÌNH CHỮA CHÁY","","VINAFOAM/VN","bình","<p>Bình chữa cháy khí CO2 3KG thương hiệu VINAFOAM (V3-C), dập cháy thiết bị điện và chất lỏng, không để lại cặn.</p>
<h3>Thông số kỹ thuật</h3>
<ul>
<li>Chất chữa cháy: khí CO2</li>
<li>Khối lượng khí: 3 kg</li>
<li>Dập cháy loại B và thiết bị điện</li>
<li>Không để lại cặn</li>
<li>Xuất xứ: VINAFOAM – Việt Nam</li>
</ul>
<h3>Ứng dụng</h3>
<p>Văn phòng, phòng máy, tủ điện.</p>","https://pcccphuoclong.vn/wp-content/uploads/2026/06/binh-chua-chay-co2-3kg-vinafoam.jpeg","https://vinafoam.vn/san-pham/v3-c/"
"Bình chữa cháy bột ABC 4KG - VINAFOAM","BÌNH CHỮA CHÁY","","VINAFOAM/VN","bình","<p>Bình chữa cháy bột ABC 4KG thương hiệu VINAFOAM (V4-P), đa dụng dập cháy rắn, lỏng, khí.</p>
<h3>Thông số kỹ thuật</h3>
<ul>
<li>Chất chữa cháy: bột khô ABC</li>
<li>Khối lượng bột: 4 kg</li>
<li>Dập cháy loại A, B, C</li>
<li>Có đồng hồ áp suất</li>
<li>Xuất xứ: VINAFOAM – Việt Nam</li>
</ul>
<h3>Ứng dụng</h3>
<p>Gia đình, văn phòng, xe hơi.</p>","https://pcccphuoclong.vn/wp-content/uploads/2026/06/binh-chua-chay-bot-abc-4kg-vinafoam.png","https://vinafoam.vn/san-pham/v4-p/"
"Bình chữa cháy pin lithium Orion 6L - VINAFOAM","BÌNH CHỮA CHÁY","OR-6","VINAFOAM/VN","bình","<p>Bình chữa cháy chuyên dụng cho pin lithium Orion 6 lít (OR-6) của VINAFOAM. Dung dịch đặc biệt làm mát và dập cháy pin lithium hiệu quả – loại cháy mà bình bột/CO2 thông thường khó xử lý.</p>
<h3>Thông số kỹ thuật</h3>
<ul>
<li>Chất chữa cháy: dung dịch chuyên dụng pin lithium</li>
<li>Dung tích: 6 lít</li>
<li>Chuyên dập cháy pin lithium (xe điện, kho pin)</li>
<li>Làm mát, ngăn cháy lan và tái cháy</li>
<li>Xuất xứ: VINAFOAM – Việt Nam</li>
</ul>
<h3>Ứng dụng</h3>
<p>Xe máy/ô tô điện, trạm sạc, kho pin, thiết bị điện tử dùng pin lithium.</p>","https://pcccphuoclong.vn/wp-content/uploads/2026/06/or-6.png","https://vinafoam.vn/san-pham/binh-chua-chay-da-nang-orion-6-lit/"
"Bình chữa cháy pin lithium Orion 3L - VINAFOAM","BÌNH CHỮA CHÁY","OR-3","VINAFOAM/VN","bình","<p>Bình chữa cháy chuyên dụng pin lithium Orion 3 lít (OR-3) của VINAFOAM, loại nhỏ gọn.</p>
<h3>Thông số kỹ thuật</h3>
<ul>
<li>Chất chữa cháy: dung dịch chuyên dụng pin lithium</li>
<li>Dung tích: 3 lít</li>
<li>Chuyên dập cháy pin lithium</li>
<li>Nhỏ gọn, dễ trang bị cho gia đình/xe</li>
<li>Xuất xứ: VINAFOAM – Việt Nam</li>
</ul>
<h3>Ứng dụng</h3>
<p>Xe máy điện, gia đình, văn phòng có thiết bị pin lithium.</p>","https://pcccphuoclong.vn/wp-content/uploads/2026/06/or-3.png","https://vinafoam.vn/san-pham/binh-chua-chay-da-nang-orion-3-lit/"
"Bình chữa cháy pin lithium Orion 9L - VINAFOAM","BÌNH CHỮA CHÁY","OR-9","VINAFOAM/VN","bình","<p>Bình chữa cháy chuyên dụng pin lithium Orion 9 lít (OR-9) của VINAFOAM, dung tích lớn.</p>
<h3>Thông số kỹ thuật</h3>
<ul>
<li>Chất chữa cháy: dung dịch chuyên dụng pin lithium</li>
<li>Dung tích: 9 lít</li>
<li>Chuyên dập cháy pin lithium, dung tích lớn</li>
<li>Làm mát mạnh, chống tái cháy</li>
<li>Xuất xứ: VINAFOAM – Việt Nam</li>
</ul>
<h3>Ứng dụng</h3>
<p>Kho pin, trạm sạc, xe điện cỡ lớn, khu vực nhiều pin lithium.</p>","","https://vinafoam.vn/san-pham/binh-chua-chay-da-nang-orion-9-lit/"
"Kệ đôi để bình chữa cháy","BÌNH CHỮA CHÁY","","VN","cái","Kệ đôi đặt 2 bình chữa cháy được làm từ sắt, Kích thước: 20cm x 40cm, dày 6zem","https://pcccphuoclong.vn/wp-content/uploads/2026/06/ke-oi-e-binh-chua-chay.png",""
"Tủ chữa cháy trong nhà 500x700x220","TỦ CHỮA CHÁY - VAN -LĂNG - VÒI","","VN","tủ","Tủ để vòi chữa cháy, còn được gọi là hộp chữa cháy hoặc tủ cứu hỏa, được treo trên tường gần hệ thống phòng cháy chữa cháy để chứa cuộn vòi chữa cháy, lăng phun, van góc và các loại bình chữa cháy.
Kích thước: 500x700x220, 8zem","https://pcccphuoclong.vn/wp-content/uploads/2026/06/tu-chua-chay-trong-nha-500x700x220.jpeg",""
"Tủ chữa cháy trong nhà 400x600x220","TỦ CHỮA CHÁY - VAN -LĂNG - VÒI","","VN","tủ","Tủ để vòi chữa cháy, còn được gọi là hộp chữa cháy hoặc tủ cứu hỏa, được treo trên tường gần hệ thống phòng cháy chữa cháy để chứa cuộn vòi chữa cháy, lăng phun, van góc và các loại bình chữa cháy.
Kích thước: 400x600x220, 8zem","",""
"Vòi chữa cháy DN50x20mx16 bar kèm khớp","TỦ CHỮA CHÁY - VAN -LĂNG - VÒI","","Tomoken/VN","cuộn","Thông số kỹ thuật
Khớp nối: 50mm
Xuất xứ : sản xuất tại Việt Nam theo công nghệ Nhật Bản.
Chiều dài (m) : 20 m
Ngàm nối: Ngàm nối nhanh khớp ngoài
Chất liệu / Màu sắc : Polyester Yarn / Trắng
Áp xuất làm việc : 1.6Mpa
Đường kính : DN50","https://pcccphuoclong.vn/wp-content/uploads/2026/06/voi-chua-chay-dn50x20mx16-bar-kem-khop.png",""
"Lăng phun DN50","TỦ CHỮA CHÁY - VAN -LĂNG - VÒI","","Tomoken/VN","cái","Thông số kỹ thuật:
Đường kính vào 50mm
Đường kính ra 12mm
Chiều dài 17cm
Kiểu ngàm nối khớp nối ngoài
Chất liệu gang
Ren Roong cao su
Chủng loại lăng phun chữa cháy","https://pcccphuoclong.vn/wp-content/uploads/2026/06/lang-phun-dn50.png|https://pcccphuoclong.vn/wp-content/uploads/2026/06/lang-phun-dn50-2.png",""
"Van gang DN50","TỦ CHỮA CHÁY - VAN -LĂNG - VÒI","","Tomoken/VN","cái","Thông số kỹ thuật:
Vật liệu: Đồng, gang cầu & nhôm hợp kim

Môi trường làm việc: Nước ( chất lỏng)

Áp lực làm việc: 1.0Mpa~2.0Mpa

Trọng lượng: DN 50= 1,3 Kg

Lưu lượng: DN50 3776L/Phút tại áp 0,8Mpa","",""
"Vòi chữa cháy lót PVC, DN50-20m-1.6Mpa - TQ","TỦ CHỮA CHÁY - VAN -LĂNG - VÒI","","Trung Quốc","cuộn","Thông số kỹ thuật:
Khớp nối: 50mm TCVN
Xuất xứ : TQ
Chiều dài (m) : 20 m
Chất liệu / Màu sắc : Polyester Yarn / Trắng
Áp suất làm việc (Br) : 17 Bar
Đường kính : DN50","https://pcccphuoclong.vn/wp-content/uploads/2026/06/voi-chua-chay-lot-pvc-dn50-20m-1-6mpa-tq.png",""
"Lăng phun DN50 (KY51) - TQ","TỦ CHỮA CHÁY - VAN -LĂNG - VÒI","","Trung Quốc","cái","Thông số kỹ thuật:
Đường kính vào 50mm
Đường kính ra 12mm
Chiều dài 17cm
Kiểu ngàm nối khớp nối ngoài
Chất liệu gang
Ren Roong cao su
Chủng loại lăng phun chữa cháy","https://pcccphuoclong.vn/wp-content/uploads/2026/06/lang-phun-dn50-ky51-tq.png|https://pcccphuoclong.vn/wp-content/uploads/2026/06/lang-phun-dn50-ky51-tq-2.png",""
"Van góc chữa cháy 16K50, ngàm nối KY51 - TQ","TỦ CHỮA CHÁY - VAN -LĂNG - VÒI","","Trung Quốc","cái","Thông số kỹ thuật:
Có hai loại van góc được sử dụng đạt chuẩn trên thị trường Việt Nam là van D50 và van D65.
Thông số kỹ thuật Van góc D50 :
Chủng loại: Dùng trong hệ thống PCCC vách tường.
Đường kính: 50cm.","",""
"Đèn mắt ếch KENTOM KT2200 EL","ĐÈN EXIT - EMERGENCY","KT2200EL","","cái","<p>Đèn chiếu sáng sự cố (đèn mắt ếch) Kentom KT2200EL, tự động bật sáng khi mất điện nhờ ắc-quy tích hợp, chiếu sáng lối thoát khi xảy ra sự cố. Hai bóng đèn xoay chỉnh hướng được.</p>
<h3>Thông số kỹ thuật</h3>
<ul>
<li>Loại: đèn chiếu sáng sự cố (đèn mắt ếch)</li>
<li>2 bóng chiếu, điều chỉnh hướng được</li>
<li>Ắc-quy tích hợp, tự bật khi mất điện</li>
<li>Thời gian sáng dự phòng theo dung lượng pin</li>
<li>Hãng: Kentom</li>
<li><em>(Công suất, thời gian sáng cụ thể: xác nhận theo model)</em></li>
</ul>
<h3>Ứng dụng</h3>
<p>Hành lang, cầu thang, lối thoát hiểm trong nhà xưởng, tòa nhà.</p>","https://pcccphuoclong.vn/wp-content/uploads/2026/06/kt2200el.jpeg","https://kentom.com.vn/san-pham/den-chieu-sang-su-co-kt2200el/"
"Đèn exit một mặt KT 610","ĐÈN EXIT - EMERGENCY","KT610","Kentom/VN","cái","<p>Đèn exit chỉ dẫn lối thoát một mặt Kentom KT610, hiển thị chỉ dẫn lối ra, sáng liên tục và tiếp tục duy trì khi mất điện nhờ pin dự phòng.</p>
<h3>Thông số kỹ thuật</h3>
<ul>
<li>Loại: đèn exit 1 mặt</li>
<li>Đèn LED tiết kiệm điện</li>
<li>Pin dự phòng tích hợp – sáng khi mất điện</li>
<li>Hiển thị biểu tượng lối thoát</li>
<li>Xuất xứ: Kentom – Việt Nam</li>
</ul>
<h3>Ứng dụng</h3>
<p>Cửa thoát hiểm, lối ra trong tòa nhà, nhà xưởng, trung tâm thương mại.</p>","https://pcccphuoclong.vn/wp-content/uploads/2026/06/kt610.jpeg","https://kentom.com.vn/san-pham/den-exit-chi-dan-loi-thoat-kt-610/"
"Đèn exit hai mặt KT 620","ĐÈN EXIT - EMERGENCY","KT620","Kentom/VN","cái","<p>Đèn exit chỉ dẫn lối thoát hai mặt Kentom KT620, hiển thị chỉ dẫn cả hai phía, phù hợp lắp treo giữa hành lang.</p>
<h3>Thông số kỹ thuật</h3>
<ul>
<li>Loại: đèn exit 2 mặt</li>
<li>Đèn LED tiết kiệm điện</li>
<li>Pin dự phòng tích hợp – sáng khi mất điện</li>
<li>Hiển thị 2 mặt</li>
<li>Xuất xứ: Kentom – Việt Nam</li>
</ul>
<h3>Ứng dụng</h3>
<p>Treo giữa hành lang, khu vực cần chỉ dẫn lối thoát cả hai hướng.</p>","https://pcccphuoclong.vn/wp-content/uploads/2026/06/kt620.png","https://kentom.com.vn/san-pham/den-exit-chi-dan-loi-thoat-kt-620/"
"Đèn chiếu sáng sự cố âm trần KT 770","ĐÈN EXIT - EMERGENCY","KT770","Kentom/VN","cái","<p>Đèn chiếu sáng sự cố âm trần Kentom KT770 công suất 9W, lắp âm trần thẩm mỹ, tự động chiếu sáng khi mất điện.</p>
<h3>Thông số kỹ thuật</h3>
<ul>
<li>Loại: đèn chiếu sáng sự cố âm trần</li>
<li>Công suất: 9W</li>
<li>Lắp âm trần (thẩm mỹ)</li>
<li>Pin dự phòng tích hợp – tự sáng khi mất điện</li>
<li>Xuất xứ: Kentom – Việt Nam</li>
</ul>
<h3>Ứng dụng</h3>
<p>Văn phòng, khách sạn, trung tâm thương mại có trần hoàn thiện.</p>","https://pcccphuoclong.vn/wp-content/uploads/2026/06/kt770.jpeg","https://kentom.com.vn/san-pham/den-chieu-sang-su-co-am-tran-kt770-9w/"
"Đèn cảnh báo ""FIRE""","ĐÈN EXIT - EMERGENCY","","VN","cái","<p>Đèn cảnh báo chữ ""FIRE"", đèn báo hiệu khu vực có hệ thống/thiết bị chữa cháy hoặc đang có sự cố, tăng khả năng nhận biết.</p>
<h3>Thông số kỹ thuật</h3>
<ul>
<li>Loại: đèn cảnh báo chữ ""FIRE""</li>
<li>Hiển thị chữ FIRE nổi bật</li>
<li>Xuất xứ: Việt Nam</li>
</ul>
<h3>Ứng dụng</h3>
<p>Lắp tại khu vực có bình/hệ chữa cháy hoặc cần cảnh báo cháy.</p>","",""
